ProductKey,SiteCode_count,SigSites_Sum
AAP130,54,12
HFE111,57,8
HFE113,56,7
MBAS0097,13,6
MBAS0098,11,6
VDO115,32,5
AEM111,35,4
HFE112,36,4
MBAS0085,4,4
TOX119,43,4
OVR0001,20,3
AEM112,9,3
LANACY06,23,3
VDO114,43,3
MOP111,44,3
VDO112,56,3
LPRONB003,6,2
AAP145,23,2
MBAS0382,6,2
LPROCHEM010,15,2
LPROHEM027,19,2
DUS112,14,2
MAN112,44,2
DXR100,3,2
NSE111,51,2
TII112,48,2
VDO113,55,2
FEU112,40,1
NIH113,13,1
LPROBGA016,4,1
MCO111,42,1
FSAA3.0,4,1
LPROURI005,7,1
GERIPI,13,1
SBAS0331,30,1
LPROBAS01,1,1
LANABA13,1,1
AEM114,9,1
EEY237,4,1
EEY238,2,1
NSE112,28,1
DUS111,27,1
LPROPRE001,5,1
CSR411,5,1
MPA111,5,1
AAP120,16,1
AAP140,23,1
SBBS0437,16,1
MBAS0020,4,1
LPROLYTE04,7,1
LPROPRE002,19,1
LPRONB001,13,1
ECE131,31,1
ESA118,1,1
SBBS1773,1,1
YGMSB0635,1,1
TAN110,14,1
TAN115,2,1
TAV115,5,1
TCL111,55,1
TID114,8,1
YGMSB0651,1,1
TII113,5,1
NIH112,14,1
LPROSEN002,7,1
MBAS0635,24,1
AAP115,26,1
YSÖDP431,1,1
ARCCRP,1,1
CANINE CRP,8,1
CRP,20,1
YMMAC024,1,0
ALKP,8,0
CSF212,7,0
CSF310,6,0
CSR112,10,0
CSR212,8,0
CSR310,6,0
CSR311,4,0
CYTU,6,0
DCT111,4,0
DCT112,8,0
DIFF,2,0
DMR115,2,0
DUS113,9,0
DUS121,9,0
DUS122,5,0
DXR110,5,0
DXR111,2,0
DXR114,2,0
ECE122,1,0
ECE127,34,0
EEX112,4,0
EEX113,13,0
EEY213,10,0
EEY231,46,0
EEY241,17,0
EEY263,5,0
EMS112,4,0
EUICRP,1,0
FCR112,31,0
FCR113,35,0
FCS112,26,0
FCS113,21,0
FEU113,45,0
FPL,2,0
FPL2,4,0
FRU,5,0
FRUK,1,0
GCUPI,1,0
GLU,6,0
HEM111,3,0
HEM114,3,0
HEM115,3,0
HISTU,12,0
INDALB,3,0
INDALT,3,0
INDCRP,2,0
INDKRE,3,0
LANAB10,3,0
LANABA01,5,0
LANABA03,1,0
LANABA06,4,0
LANACY01,7,0
LANACY01A,1,0
LANACY03,3,0
LANACY05,6,0
LANACY24,4,0
LANAMA01,6,0
LCY125,5,0
LDIFF,2,0
LPOOVR014,1,0
LPROBGA018,2,0
LPROBGA020,2,0
LPROBGA025,3,0
LPROBGA026,2,0
LPROCHEM015,1,0
LPROHEM028,2,0
LPROKOAG01,2,0
LPROLEV001,1,0
LPROLEV002,2,0
LPRONATT01,1,0
LPRONB002,13,0
EMS111,10,0
LPRONB004,4,0
LPRONJU002,1,0
LPROPRE004,1,0
LPROSEN001,1,0
LPROURI001,5,0
LPROURI002,6,0
LPROURI003,35,0
LPROURI004,2,0
LROPNATT02,1,0
LSVA02,1,0
MAN111,13,0
MBAS0005,5,0
MBAS0033,10,0
MBAS0176,16,0
MBAS0198,1,0
MBAS0237,5,0
MBAS0253,3,0
MBAS0275,10,0
MBAS0356,30,0
MBAS0409,23,0
MBAS0471,15,0
MBAS0495,1,0
MBAS0575,3,0
MBAS0576,4,0
MBAS0577,2,0
MBAS0578,3,0
MBAS0618,1,0
MBAS0703,4,0
MBAS0842,4,0
MBAS0854,6,0
MBAS0877,5,0
MBAS0907,18,0
MBAS0908,20,0
MBAS0909,21,0
MBAS0910,23,0
MBAS0911,7,0
MBAS0965,26,0
MBAS1028,3,0
MIKRO03,1,0
MPA112,4,0
MPA117,1,0
MPA118,1,0
NIH111,7,0
NIH114,7,0
NIV110,15,0
OER114,15,0
OGA115,1,0
OJO117,1,0
OJO185,1,0
OJO188,2,0
OMO127,4,0
OOR117,2,0
OOT124,6,0
OSK117,17,0
OSK137,7,0
OSK138,2,0
OSK141,1,0
OUR134,1,0
OUR151,8,0
OUR174,2,0
PB,2,0
PFU111,7,0
PFU116,3,0
PFU120,38,0
PFU123,37,0
PK1,12,0
PRGCUPI,2,0
PRGERIPI,2,0
PROFB,1,0
PROFP,2,0
PROFPH,3,0
PROFPHS,3,0
PROFPS,1,0
PROG,1,0
RPH113,1,0
RPH120,1,0
RPH230,4,0
RPH240,2,0
RPH245,5,0
RPH260,4,0
RPH305,1,0
RPH307,2,0
RPH308,2,0
SBAS0004,25,0
SBAS0090,11,0
SBAS0091,22,0
SBAS0092,10,0
SBAS0093,13,0
SBAS0116,2,0
SBAS0130,5,0
SBAS0136,2,0
SBAS0137,2,0
SBAS0138,5,0
SBAS0295,15,0
SBAS0332,50,0
SBAS0441,2,0
SBAS0487,8,0
SBAS0497,1,0
SBAS0842,3,0
SBBS1491,8,0
SBBS1503,9,0
SBBS1624,4,0
SBBS1625,15,0
SBBS1626,1,0
SBBS1772,2,0
ACTHT2,1,0
SBBS1781,14,0
SBBS1782,1,0
SBBS1786,2,0
SBBS1822,26,0
SBBS1823,26,0
SBBS1823 7350040121245,1,0
SBBS1832,1,0
SBBS1836,7,0
SBC0148,2,0
SBCS0031,1,0
SBCS0044,12,0
SBCS0045,16,0
SBCS0087,3,0
SBCS0112,10,0
SBCS0114,9,0
SBCS0117,1,0
SBCS0124,41,0
SBCS0126,4,0
SBCS0128,2,0
SBCS0152,5,0
SBCS0153,3,0
SBCS0154,1,0
SDMA,5,0
SFH027,1,0
SFH028,18,0
SFH036,6,0
SFH072,7,0
SFH101,1,0
SFH131,3,0
SFH168,4,0
SFH439,7,0
SFH441,19,0
SFH452,3,0
SFH567,3,0
SFH569,2,0
SFH570,2,0
SFH576,9,0
SFH670,2,0
SFH675,7,0
SFH691,1,0
SFH694,4,0
SFH702,2,0
SFH708,1,0
SFH712,1,0
SFH714,5,0
SFH727,2,0
SFP042,9,0
SFP043,20,0
SFP065,1,0
SFP066,1,0
SFP069,18,0
SFP070,8,0
SFP071,12,0
SFP073,24,0
SFP074,10,0
SFP075,19,0
SFP085,18,0
SFP086,25,0
SFP087,19,0
SFP088,28,0
SFP089,2,0
SFP091,25,0
SFP092,4,0
SFP093,47,0
SFP166,1,0
SFP167,10,0
SFP168,23,0
SFP169,21,0
SFP174,2,0
SFP175,13,0
SFP176,11,0
SFP177,14,0
SFP178,17,0
SFP179,2,0
SFP181,2,0
SFP185,2,0
SFP187,2,0
SFP189,7,0
SFP190,8,0
SFP192,17,0
SFP194,30,0
SFP197,15,0
SFP201,24,0
SFP203,1,0
SFP204,1,0
SFP208,36,0
SFP211,12,0
SFP212,4,0
SFP215,7,0
SFP219,3,0
SFP222,24,0
SFP224,7,0
SFP225,4,0
SFR074,26,0
SFR078,6,0
SFR156,8,0
SFR157,6,0
SFR158,12,0
SFR162,41,0
SFR163,10,0
SFR174,8,0
SFR175,1,0
SFR185,1,0
SFR186,3,0
SFR189,6,0
SFR190,3,0
SFR191,7,0
SFR194,14,0
SFR196,8,0
SFR197,1,0
SFR208,18,0
SFR215,18,0
SFR216,21,0
SFR220,9,0
SFR221,12,0
SFR223,1,0
SFR237,4,0
SFR238,1,0
SFR239,2,0
SFR245,13,0
AEM110,3,0
SFR261,6,0
SFR262,6,0
SFR263,1,0
SFR272,2,0
SFR273,1,0
SFR280,1,0
SFR295,4,0
SFR455,1,0
SFR456,1,0
SFR458,1,0
SFR459,2,0
SFR474,1,0
SFR481,1,0
SFR487,5,0
SFR489,20,0
SFR490,45,0
SFR491,38,0
SFR492,20,0
SFR500,3,0
SFR501,12,0
SFR518,8,0
SFR519,20,0
SFR521,5,0
SFR528,6,0
SFR530,5,0
SFR532,7,0
SFR533,19,0
SFR534,10,0
SFR535,6,0
SFR544,2,0
SFR552,4,0
SFR560,2,0
SFR562,2,0
SFR566,8,0
SFR570,1,0
SFR575,1,0
SFR576,2,0
SFR580,1,0
SFS022,1,0
SFS058,1,0
SFS121,20,0
SLU060,1,0
SVA008,6,0
SVA061,2,0
SVA096,6,0
TAG111,11,0
TAG112,9,0
AEM115,5,0
AEY130,7,0
TAN173,1,0
TAV110,2,0
ALB,6,0
TAV130,1,0
TBD110,3,0
TBD111,8,0
TBD112,1,0
TBD116,1,0
TCA112,3,0
CSF112,10,0
TCL116,1,0
SFR246,3,0
TEY309,2,0
TGA113,3,0
YNACLI17,1,0
TID115,26,0
TID117,4,0
TII111,9,0
YFRSC005,1,0
YGBGC004,1,0
TII117,4,0
TII118,1,0
TII119,15,0
TII132,2,0
TII180,1,0
TOX114,3,0
TOX115,3,0
TOX116,4,0
YGMSB0625,1,0
TOX120,12,0
TOX123,12,0
TOX124,1,0
TT4,26,0
TWO111,25,0
TWO112,2,0
UREA,5,0
VB,1,0
VCA111,57,0
VCA112,52,0
YGMSB0626,1,0
YHSBC116,1,0
YMMAC069,1,0
YSTRC104,1,0
YSTRC124,1,0
YSTRC140,1,0
YSTRC141,1,0
YSTRC156,1,0
YSTRC194,1,0
YSTRC195,1,0
YSTRF006,1,0
YSTRP174,1,0
YSÖDL098,1,0
YSÖDL250,1,0
YSÖDL251,1,0
YSÖDL255,1,0
YSÖDP277,1,0
YHSBC138,1,0
YHSBC151,1,0
ALT,13,0
ARCCRE,1,0
YHSBL054,1,0
ASU130,7,0
B12,2,0
BCUPI,1,0
BIOVETPAD1,2,0
YHSBL058,1,0
CDF114,17,0
CPL,3,0
CPL2,8,0
CREA,19,0
YHÖLB0367,1,0
CSF111,7,0
TER144,15,0
