KEY,TotalNet,QuantitySold(SalesTotal>0),Correl,RSQ,ADJ_RSQ,ELASTICITY_Regular_Price_fwbw_max_6,PVALUE_Regular_Price_fwbw_max_6,Cluster,ItemCode,Product Description,Rank,Service,Weighted elasticity,Weighted  rsq,Weighted Pvalue,Check,Significant ?,New_cluster,big_cluster
Clinics 0-OVR0001,399215,547.0943445832957,-0.2860438712288771,0.4128359915514617,0.3819326226857491,0.1416,0.428,Clinics 0,OVR0001,Övrig försäljning (endast butik!),381.0,N/D,56528.844000000005,164810.3203672168,170864.02,0,0,Clinics,Clinics
Clinics 1-OVR0001,767433,596.4195446585869,-0.0710900763923626,0.7145031726180289,0.6994770238084514,-0.1932,0.076,Clinics 1,OVR0001,Övrig försäljning (endast butik!),381.0,N/D,-148268.05560000002,548333.3132717718,58324.907999999996,1,1,Clinics,Clinics
Clinics 1-SFH036,198954,486.8439061605808,-0.1541268459570527,0.4083030307821759,0.3771610850338694,-0.2921,0.333,Clinics 1,SFH036,Hills PD Canine i/d Low fat 360 g burk  | 12,835.0,Prescription,-58114.46340000001,81233.52118623702,66251.682,1,0,Clinics,Clinics
Clinics 2-OVR0001,520654,528.3875780360332,-0.09659042303826954,0.6165780326713795,0.5994098848805458,-0.0398,0.734,Clinics 2,OVR0001,Övrig försäljning (endast butik!),381.0,N/D,-20722.0292,321023.8190224844,382160.03599999996,1,0,Clinics,Clinics
Sjukhus A-OVR0001,150929,304.4494954499576,0.009055101131245129,0.749881806561228,0.742244609815006,0.1067,0.179,Sjukhus A,OVR0001,Övrig försäljning (endast butik!),381.0,N/D,16104.124300000001,113178.91118247958,27016.290999999997,1,1,Hospital,Hospital
Sjukhus A-SFH036,71100,271.9522873381714,-0.3006449288092283,0.3711501056178568,0.3490851970430446,-0.2791,0.45,Sjukhus A,SFH036,Hills PD Canine i/d Low fat 360 g burk  | 12,835.0,Prescription,-19844.010000000002,26388.77250942962,31995.0,1,0,Hospital,Hospital
Sjukhus A-SFP204,59846,156.060230448411,-0.1173101134561326,0.6904003736292874,0.6751741624963015,-0.0045,0.98,Sjukhus A,SFP204,Purina Pro Plan Cat Kitten Turkey 10x85 g pouch | 1=4,1225.0,Lifestage,-269.30699999999996,41317.70076021834,58649.08,1,0,Hospital,Hospital
Sjukhus B-OVR0001,235593,520.2178443401909,-0.2868782515619117,0.4998401848970894,0.4774449692954665,-0.087,0.194,Sjukhus B,OVR0001,Övrig försäljning (endast butik!),381.0,N/D,-20496.591,117758.84868045998,45705.042,1,0,Hospital,Hospital
Sjukhus C-OVR0001,129745,181.9545339694764,-0.05305455687017493,0.7026499821494463,0.6876323044802264,0.0759,0.452,Sjukhus C,OVR0001,Övrig försäljning (endast butik!),381.0,N/D,9847.645499999999,91165.32193397991,58644.740000000005,0,0,Hospital,Hospital
