Clinic,Clinic_ID,_2024_Total_Population,Area_of_catchment,Population_density,_2024_Total_Population_Age_0_14,_2024_Total_Population_Age_15_29,_2024_Total_Population_Age_30_44,_2024_Total_Population_Age_45_59,_2024_Total_Population_Age_60_,_2024_Purchasing_Power_Per_Capita
Djurdoktorn Västerås,1,143743,175.48327051041,819,24564,26882,29523,26889,35868,282922.21
Eskilstuna,10,95099,185.645534039327,512,16974,17562,18784,17622,24156,248200.01
Köping,11,28874,209.623480174658,138,4924,4681,5236,5294,8735,250875.5
Norrköping,2,119273,164.891988277195,723,20130,23650,24339,21775,29380,260931.43
Västerås (djurkliniken),8,144184,209.722617039691,687,24584,26930,29684,26851,36118,282118.81
Nyköping,208,49261,125.852496499252,391,8559,8243,9230,8760,14468,271570.63
Gefle,6,91974,136.252321812328,675,15361,17070,18286,17224,24017,274181.56
Sandviken,7,32254,71.7770299179373,449,5394,5228,5981,6268,9384,264533.53
Björkstadens,8111,107053,171.3862749485,625,16455,26815,23509,17449,22802,270760.37
Kullabygden,111,33856,161.822675311077,209,5853,4562,5559,7135,10748,310394.78
Limhamn,113,317372,136.00469077407,2334,58331,61131,76878,55764,65262,261822.4
Malmö (veterinärkliniken),112,413933,375.698662061438,1102,76245,85821,96949,71918,82997,263675.64
Staffanstorp,110,238518,369.632256252852,645,42120,55573,49341,41609,49875,276217.75
Skåne mitt,8093,25609,251.248381619019,102,4648,3646,4933,5078,7304,274112.19
Viken,115,42782,152.521929502737,280,7825,6608,7749,8918,11682,306598.04
Höllviken,105,74569,147.402499187829,506,14855,12022,15040,14743,17907,306098.73
Trelleborg,102,46215,172.896821190507,267,8380,7335,9031,9370,12099,284222.49
Ystad,103,35643,226.276818869966,158,5564,5429,6138,6546,11966,284037.44
Jönköping,310,65736,102.750828929579,640,9979,15370,12906,11552,15929,293225.0
Billdal,8107,134415,79.4113173936635,1693,24367,24050,29148,25272,31578,317407.09
Örebro Analysen,218,139439,176.586583892832,790,23504,31493,27996,24440,32006,266169.99
Norra Halland,304,56273,155.51813686014,362,10698,8894,10357,11828,14495,335930.82
Frölunda,301,467917,171.851825092757,2723,69778,99698,117975,81024,99428,308446.47
Kungälv,306,65176,125.733526245369,518,12319,11281,13642,12521,15402,293931.68
Kållered,302,201203,125.1245172093,1608,32058,41513,47612,36209,43812,315025.49
Mölndal,307,387289,140.451597905035,2757,56542,82497,95153,68418,84669,314937.73
Sävedalen,8089,474486,203.234675331359,2335,72663,102748,120226,81807,97033,299778.51
Örgryte,8092,522614,181.849946023818,2874,78467,112133,132163,89923,109917,301473.03
Ejra,8101,55358,139.627393064464,396,9188,10487,11187,9948,14548,278895.31
Kusthöjden,8100,19975,56.2673117027124,355,3271,3081,3643,3576,6395,246437.8
Åre,8097,19956,56.1236248395606,356,3268,3079,3639,3572,6389,246431.4
Öjebyn,502,34880,175.612640438964,199,5442,5759,6435,6585,10652,277107.35
Kristianstad,106,58171,247.977579899562,235,10460,11338,11501,10485,14387,259584.14
Åhus,108,16864,93.5833825387612,180,2630,2114,2599,3559,5962,302103.14
Visby,114,34141,208.383139450249,164,5285,5988,6220,6374,10275,270119.01
Ulvsby,8082,86482,154.537490156257,560,13436,18831,16994,15255,21960,288770.8
Karlskoga,212,32178,158.58213683661,203,5041,5244,5629,6190,10069,265442.21
Kristinehamn,505,32178,158.58213683661,203,5041,5244,5629,6190,10069,265442.21
Säffle,8091,11569,147.487616204189,78,1771,1750,1850,2265,3933,241555.28
Åmål,8090,10753,117.172037479124,92,1647,1626,1718,2079,3682,233546.64
Lidköping,402,37574,279.03250294592,135,6210,6236,6836,7130,11162,276945.9
Falkenberg,8106,39567,227.502167151333,174,7018,6159,7381,7164,11845,265758.95
Varberg,8105,48695,156.535316047768,311,8128,7580,9173,8912,14902,295145.53
Viskadalen,8104,7349,89.9989198166396,82,1308,1034,1476,1303,2228,265921.57
Uppsala,8088,154928,158.387657178863,978,21459,41893,33278,23800,34498,279497.6
Alvik,8103,912334,160.420961680852,5687,141448,169637,238867,169673,192654,366156.99
Täby,12,164270,173.009337448063,949,29768,30321,31880,33986,38313,388260.5
Farsta,8114,583000,185.020405829159,3151,99151,101629,145102,114076,122999,337932.67
Lidingö,8084,372412,88.7545355509127,4196,53350,72707,90363,67817,88134,405942.02
Mälarhöjden,219,603049,108.759766788235,5545,96943,108446,156587,115454,125608,346659.1
Nacka,217,583142,128.588849323727,4535,94755,99968,149148,113053,126184,360612.67
Roslagstull,9,759618,161.91494686781,4691,114553,143826,191940,139341,169897,378050.24
Saltsjöbaden,8094,155675,55.3319160757172,2813,26697,26229,36192,31904,34653,377111.49
Vasastan,8086,784088,153.187448154284,5118,116858,147831,199020,144856,175464,378675.97
Västerort,210,346699,85.3665625683186,4061,65073,67118,89352,63964,61164,315174.77
Åkersberga,13,52919,114.39792928168,463,10418,8723,10992,11340,11445,330858.36
Järfälla,8109,284604,99.8640592879779,2850,54830,55067,67614,53482,53582,294521.77
Norrtälje,8112,30897,176.641591279661,175,4709,4795,5786,5385,10222,269781.72
Tyresö,8095,237725,96.8406135212492,2455,43141,41269,55609,48074,49622,326513.4
Södran,201,153524,77.1622565098098,1990,29665,29060,34914,30790,29086,280512.18
Göteborg,305,522649,181.920181157993,2873,78475,112135,132167,89931,109929,301483.25
Strömsholm Smådjur,200,20754,215.358252387964,96,3774,3134,3951,3955,5936,266042.53
Lunds Djursjukhus,8080,215870,374.418910577019,577,36553,50319,45203,37998,45796,289760.97
Malmö (djursjukhuset),100,409739,306.273508653265,1338,75254,78379,100359,72401,83343,263883.9
Helsinborg Smådjur,101,149820,190.471121408279,787,26165,27459,30619,28764,36813,278182.82
Karlstad,211,88184,156.861162353193,562,13799,19057,17370,15570,22382,290740.94
Sundsvall (Djursjukhuse),8099,78479,110.334841040437,711,11949,14621,14951,14906,22051,279277.87
Östersund,8098,58783,150.20215263304,391,9742,11002,11845,10508,15685,277065.25
Gammelstad,504,52477,106.495749261461,493,7182,11591,9811,9557,14325,291183.5
Sundsvall (Klinik),506,62070,71.1437548958011,872,9248,12047,11954,11763,17057,283723.37
Växjö,109,78219,210.263108953043,372,13464,17881,15318,13647,17908,274353.83
Linköping Valla,400,134640,177.352819418996,759,20483,33856,26873,22834,30593,275445.23
Djurkliniken Farsta Centrum Evidensia,5,468149,134.708961048233,3475,80509,82606,117226,91342,96437,333310.29
Ugglarps Gård Smådjurskliniken Evidensia,5615,51806,255.363383943868,203,9096,8491,9899,10039,14280,274403.43
Ljungskile Djurklinik,8113,60755,140.827819271756,431,10204,10894,11633,11544,16474,265113.67
